{
  "hash": "5da4ed3e",
  "configHash": "12701e15",
  "lockfileHash": "cf5f5f33",
  "browserHash": "bd900c44",
  "optimized": {
    "@angular/common": {
      "src": "../../../../../node_modules/@angular/common/fesm2022/common.mjs",
      "file": "@angular_common.js",
      "fileHash": "d0610de5",
      "needsInterop": false
    },
    "@angular/core": {
      "src": "../../../../../node_modules/@angular/core/fesm2022/core.mjs",
      "file": "@angular_core.js",
      "fileHash": "c7312e55",
      "needsInterop": false
    },
    "@angular/platform-browser": {
      "src": "../../../../../node_modules/@angular/platform-browser/fesm2022/platform-browser.mjs",
      "file": "@angular_platform-browser.js",
      "fileHash": "ec378b5e",
      "needsInterop": false
    },
    "@angular/router": {
      "src": "../../../../../node_modules/@angular/router/fesm2022/router.mjs",
      "file": "@angular_router.js",
      "fileHash": "09de972f",
      "needsInterop": false
    },
    "@angular/forms": {
      "src": "../../../../../node_modules/@angular/forms/fesm2022/forms.mjs",
      "file": "@angular_forms.js",
      "fileHash": "689a2214",
      "needsInterop": false
    },
    "@angular/common/http": {
      "src": "../../../../../node_modules/@angular/common/fesm2022/http.mjs",
      "file": "@angular_common_http.js",
      "fileHash": "ea55a123",
      "needsInterop": false
    }
  },
  "chunks": {
    "chunk-QA2YTHD4": {
      "file": "chunk-QA2YTHD4.js"
    },
    "chunk-N5L27CTO": {
      "file": "chunk-N5L27CTO.js"
    },
    "chunk-43FRHVWD": {
      "file": "chunk-43FRHVWD.js"
    },
    "chunk-LVUFFOQ3": {
      "file": "chunk-LVUFFOQ3.js"
    }
  }
}